{"ResNet18": {"0": {"Avg_CPU_temp": 28.470588235294116, "Avg_GPU_temp": 29.735294117647058, "Avg_Power_CPU": 818.8823529411765, "Avg_Power_GPU": 818.8823529411765, "Avg_CPU_RAM": 0.2104423488140637},
"1":{"Avg_CPU_temp": 30.4, "Avg_GPU_temp": 31.7, "Avg_Power_CPU": 652.2, "Avg_Power_GPU": 652.2, "Avg_CPU_RAM": 0.47296065273302396},
"2":{"Avg_CPU_temp": 30.607142857142858, "Avg_GPU_temp": 31.892857142857142, "Avg_Power_CPU": 674.5714285714286, "Avg_Power_GPU": 674.5714285714286, "Avg_CPU_RAM": 0.47276098129558386},
"3":{"Avg_CPU_temp": 30.681818181818183, "Avg_GPU_temp": 31.545454545454547, "Avg_Power_CPU": 683.8181818181819, "Avg_Power_GPU": 683.8181818181819, "Avg_CPU_RAM": 0.4729157540462119},
"4":{"Avg_CPU_temp": 30.576923076923077, "Avg_GPU_temp": 31.615384615384617, "Avg_Power_CPU": 716.6153846153846, "Avg_Power_GPU": 716.6153846153846, "Avg_CPU_RAM": 0.47278330994888773},
"5":{"Avg_CPU_temp": 30.65, "Avg_GPU_temp": 31.65, "Avg_Power_CPU": 758.6, "Avg_Power_GPU": 758.6, "Avg_CPU_RAM": 0.4729410431509347}},

"MobileNetv3": {"0": {"Avg_CPU_temp": 31.130434782608695, "Avg_GPU_temp": 32.02173913043478, "Avg_Power_CPU": 868.9565217391304, "Avg_Power_GPU": 868.9565217391304, "Avg_CPU_RAM": 0.46881048197927816},
"1":{"Avg_CPU_temp": 31.61111111111111, "Avg_GPU_temp": 32.5, "Avg_Power_CPU": 1231.0, "Avg_Power_GPU": 1231.0, "Avg_CPU_RAM": 0.4708981101005223},
"2":{"Avg_CPU_temp": 31.6875, "Avg_GPU_temp": 32.6875, "Avg_Power_CPU": 1076.875, "Avg_Power_GPU": 1076.875, "Avg_CPU_RAM": 0.47117206669228723},
"3":{"Avg_CPU_temp": 31.576923076923077, "Avg_GPU_temp": 32.5, "Avg_Power_CPU": 1027.6153846153845, "Avg_Power_GPU": 1027.6153846153845, "Avg_CPU_RAM": 0.4706899283154936},
"4":{"Avg_CPU_temp": 32.05555555555556, "Avg_GPU_temp": 32.72222222222222, "Avg_Power_CPU": 1279.4444444444443, "Avg_Power_GPU": 1279.4444444444443, "Avg_CPU_RAM": 0.4706216489348307},
"5":{"Avg_CPU_temp": 31.8, "Avg_GPU_temp": 32.6, "Avg_Power_CPU": 1156.6, "Avg_Power_GPU": 1156.6, "Avg_CPU_RAM": 0.4705887801657453}},

"ResNet50": {"0": {"Avg_CPU_temp": 33.11392405063291, "Avg_GPU_temp": 33.79746835443038, "Avg_Power_CPU": 1228.012658227848, "Avg_Power_GPU": 1228.012658227848, "Avg_CPU_RAM": 0.49615734017180224},
"1": {"Avg_CPU_temp": 32.1875, "Avg_GPU_temp": 32.9375, "Avg_Power_CPU": 857.875, "Avg_Power_GPU": 857.875, "Avg_CPU_RAM": 0.4969140775120466},
"2": {"Avg_CPU_temp": 32.0, "Avg_GPU_temp": 32.714285714285715, "Avg_Power_CPU": 727.0, "Avg_Power_GPU": 727.0, "Avg_CPU_RAM": 0.4954317979298025},
"3": {"Avg_CPU_temp": 32.0625, "Avg_GPU_temp": 32.9375, "Avg_Power_CPU": 953.125, "Avg_Power_GPU": 953.125, "Avg_CPU_RAM": 0.49530589469950037},
"4": {"Avg_CPU_temp": 32.07142857142857, "Avg_GPU_temp": 32.857142857142854, "Avg_Power_CPU": 982.8571428571429, "Avg_Power_GPU": 982.8571428571429, "Avg_CPU_RAM": 0.4954022357457483},
"5": {"Avg_CPU_temp": 31.9, "Avg_GPU_temp": 32.35, "Avg_Power_CPU": 775.6, "Avg_Power_GPU": 775.6, "Avg_CPU_RAM": 0.49522817079059134}},

"SqueezeNet": {"0": {"Avg_CPU_temp": 30.56, "Avg_GPU_temp": 31.67, "Avg_Power_CPU": 607.02, "Avg_Power_GPU": 607.02, "Avg_CPU_RAM": 0.4491608675515615},
"1": {"Avg_CPU_temp": 30.928571428571427, "Avg_GPU_temp": 31.571428571428573, "Avg_Power_CPU": 646.4285714285714, "Avg_Power_GPU": 646.4285714285714, "Avg_CPU_RAM": 0.4510510764154304},
"2": {"Avg_CPU_temp": 30.5, "Avg_GPU_temp": 31.833333333333332, "Avg_Power_CPU": 652.3333333333334, "Avg_Power_GPU": 652.3333333333334, "Avg_CPU_RAM": 0.4508495843228453},
"3": {"Avg_CPU_temp": 30.916666666666668, "Avg_GPU_temp": 31.833333333333332, "Avg_Power_CPU": 838.5, "Avg_Power_GPU": 838.5, "Avg_CPU_RAM": 0.450908380222242},
"4": {"Avg_CPU_temp": 30.875, "Avg_GPU_temp": 31.875, "Avg_Power_CPU": 746.875, "Avg_Power_GPU": 746.875, "Avg_CPU_RAM": 0.4510115193977198},
"5": {"Avg_CPU_temp": 30.583333333333332, "Avg_GPU_temp": 31.75, "Avg_Power_CPU": 503.6666666666667, "Avg_Power_GPU": 503.6666666666667, "Avg_CPU_RAM": 0.4508814457878814}},

"ResNext50-32x4d": {"0": {"Avg_CPU_temp": 33.166666666666664, "Avg_GPU_temp": 33.833333333333336, "Avg_Power_CPU": 1163.8666666666666, "Avg_Power_GPU": 1163.8666666666666, "Avg_CPU_RAM": 0.45658011516113034},
"1": {"Avg_CPU_temp": 33.3125, "Avg_GPU_temp": 33.625, "Avg_Power_CPU": 1382.25, "Avg_Power_GPU": 1382.25, "Avg_CPU_RAM": 0.46319655896177614},
"2": {"Avg_CPU_temp": 33.125, "Avg_GPU_temp": 33.75, "Avg_Power_CPU": 1137.875, "Avg_Power_GPU": 1137.875, "Avg_CPU_RAM": 0.46313694189060023},
"3": {"Avg_CPU_temp": 33.05555555555556, "Avg_GPU_temp": 33.77777777777778, "Avg_Power_CPU": 1248.111111111111, "Avg_Power_GPU": 1248.111111111111, "Avg_CPU_RAM": 0.4630970876869124},
"4": {"Avg_CPU_temp": 32.857142857142854, "Avg_GPU_temp": 34.0, "Avg_Power_CPU": 1127.4285714285713, "Avg_Power_GPU": 1127.4285714285713, "Avg_CPU_RAM": 0.4632361863656392},
"5": {"Avg_CPU_temp": 32.65, "Avg_GPU_temp": 33.8, "Avg_Power_CPU": 1005.4, "Avg_Power_GPU": 1005.4, "Avg_CPU_RAM": 0.4631589164474138}}
}